TRAIN,gs://backyardhacks2020-gcp/SameHomeDifferentHacks2020/audio_spectogram_1_1_1.png, sound_01,0.845,0.0,,,0.95,1.0,,
TRAIN,gs://backyardhacks2020-gcp/SameHomeDifferentHacks2020/audio_spectogram_1_1_2.png, sound_01,0.788,0.0,,,0.895,1.0,, 
TRAIN,gs://backyardhacks2020-gcp/SameHomeDifferentHacks2020/audio_spectogram_1_1_2.png, sound_02,0.952,0.0,,,0.98,1.0,,
TRAIN,gs://backyardhacks2020-gcp/SameHomeDifferentHacks2020/audio_spectogram_1_1_3.png, sound_01,0.638,0.0,,,0.745,1.0,,
TRAIN,gs://backyardhacks2020-gcp/SameHomeDifferentHacks2020/audio_spectogram_1_1_3.png, sound_02,0.803,0.0,,,0.83,1.0,,
TRAIN,gs://backyardhacks2020-gcp/SameHomeDifferentHacks2020/audio_spectogram_1_1_3.png, sound_03,0.887,0.0,,,0.957,1.0,,
TRAIN,gs://backyardhacks2020-gcp/SameHomeDifferentHacks2020/audio_spectogram_1_1_4.png, sound_01,0.572,0.0,,,0.677,1.0,,
TRAIN,gs://backyardhacks2020-gcp/SameHomeDifferentHacks2020/audio_spectogram_1_1_4.png, sound_02,0.735,0.0,,,0.762,1.0,,
TRAIN,gs://backyardhacks2020-gcp/SameHomeDifferentHacks2020/audio_spectogram_1_1_4.png, sound_03,0.821,0.0,,,0.888,1.0,,
TRAIN,gs://backyardhacks2020-gcp/SameHomeDifferentHacks2020/audio_spectogram_1_1_4.png, sound_04,0.95,0.0,,,0.983,1.0,,
TRAIN,gs://backyardhacks2020-gcp/SameHomeDifferentHacks2020/audio_spectogram_1_1_5.png, sound_01,0.382,0.0,,,0.487,1.0,,
TRAIN,gs://backyardhacks2020-gcp/SameHomeDifferentHacks2020/audio_spectogram_1_1_5.png, sound_02,0.543,0.0,,,0.571,1.0,,
TRAIN,gs://backyardhacks2020-gcp/SameHomeDifferentHacks2020/audio_spectogram_1_1_5.png, sound_03,0.63,0.0,,,0.697,1.0,,
TRAIN,gs://backyardhacks2020-gcp/SameHomeDifferentHacks2020/audio_spectogram_1_1_5.png, sound_04,0.761,0.0,,,0.791,1.0,,
TRAIN,gs://backyardhacks2020-gcp/SameHomeDifferentHacks2020/audio_spectogram_1_1_5.png, sound_05,0.844,0.0,,,0.966,1.0,,
TEST,gs://backyardhacks2020-gcp/SameHomeDifferentHacks2020/audio_spectogram_1_1_6.png, sound_01,0.302,0.0,,,0.406,1.0,,
TEST,gs://backyardhacks2020-gcp/SameHomeDifferentHacks2020/audio_spectogram_1_1_6.png, sound_02,0.466,0.0,,,0.491,1.0,,
TEST,gs://backyardhacks2020-gcp/SameHomeDifferentHacks2020/audio_spectogram_1_1_6.png, sound_03,0.551,0.0,,,0.618,1.0,,
TEST,gs://backyardhacks2020-gcp/SameHomeDifferentHacks2020/audio_spectogram_1_1_6.png, sound_04,0.68,0.0,,,0.712,1.0,,
TEST,gs://backyardhacks2020-gcp/SameHomeDifferentHacks2020/audio_spectogram_1_1_6.png, sound_05,0.763,0.0,,,0.885,1.0,,
TEST,gs://backyardhacks2020-gcp/SameHomeDifferentHacks2020/audio_spectogram_1_1_6.png, sound_06,0.945,0.0,,,0.98,1.0,,
VALIDATION,gs://backyardhacks2020-gcp/SameHomeDifferentHacks2020/audio_spectogram_1_1_7.png, sound_01,0.212,0.0,,,0.317,1.0,,
VALIDATION,gs://backyardhacks2020-gcp/SameHomeDifferentHacks2020/audio_spectogram_1_1_7.png, sound_02,0.372,0.0,,,0.402,1.0,,
VALIDATION,gs://backyardhacks2020-gcp/SameHomeDifferentHacks2020/audio_spectogram_1_1_7.png, sound_03,0.461,0.0,,,0.528,1.0,,
VALIDATION,gs://backyardhacks2020-gcp/SameHomeDifferentHacks2020/audio_spectogram_1_1_7.png, sound_04,0.591,0.0,,,0.623,1.0,,
VALIDATION,gs://backyardhacks2020-gcp/SameHomeDifferentHacks2020/audio_spectogram_1_1_7.png, sound_05,0.674,0.0,,,0.796,1.0,,
VALIDATION,gs://backyardhacks2020-gcp/SameHomeDifferentHacks2020/audio_spectogram_1_1_7.png, sound_06,0.855,0.0,,,0.891,1.0,,
VALIDATION,gs://backyardhacks2020-gcp/SameHomeDifferentHacks2020/audio_spectogram_1_1_7.png, sound_07,0.933,0.0,,,0.979,1.0,,
TRAIN,gs://backyardhacks2020-gcp/SameHomeDifferentHacks2020/audio_spectogram_1_1_8.png, sound_02,0.16,0.0,,,0.185,1.0,,
TRAIN,gs://backyardhacks2020-gcp/SameHomeDifferentHacks2020/audio_spectogram_1_1_8.png, sound_03,0.245,0.0,,,0.313,1.0,,
TRAIN,gs://backyardhacks2020-gcp/SameHomeDifferentHacks2020/audio_spectogram_1_1_8.png, sound_04,0.374,0.0,,,0.407,1.0,,
TRAIN,gs://backyardhacks2020-gcp/SameHomeDifferentHacks2020/audio_spectogram_1_1_8.png, sound_05,0.457,0.0,,,0.581,1.0,,
TRAIN,gs://backyardhacks2020-gcp/SameHomeDifferentHacks2020/audio_spectogram_1_1_8.png, sound_06,0.64,0.0,,,0.675,1.0,,
TRAIN,gs://backyardhacks2020-gcp/SameHomeDifferentHacks2020/audio_spectogram_1_1_8.png, sound_07,0.718,0.0,,,0.766,1.0,,
TRAIN,gs://backyardhacks2020-gcp/SameHomeDifferentHacks2020/audio_spectogram_1_1_8.png, sound_08,0.82,0.0,,,0.964,1.0,,
TRAIN,gs://backyardhacks2020-gcp/SameHomeDifferentHacks2020/audio_spectogram_1_1_9.png, sound_02,0.048,0.0,,,0.073,1.0,,
TRAIN,gs://backyardhacks2020-gcp/SameHomeDifferentHacks2020/audio_spectogram_1_1_9.png, sound_03,0.135,0.0,,,0.199,1.0,,
TRAIN,gs://backyardhacks2020-gcp/SameHomeDifferentHacks2020/audio_spectogram_1_1_9.png, sound_04,0.263,0.0,,,0.295,1.0,,
TRAIN,gs://backyardhacks2020-gcp/SameHomeDifferentHacks2020/audio_spectogram_1_1_9.png, sound_05,0.346,0.0,,,0.468,1.0,,
TRAIN,gs://backyardhacks2020-gcp/SameHomeDifferentHacks2020/audio_spectogram_1_1_9.png, sound_06,0.528,0.0,,,0.563,1.0,,
TRAIN,gs://backyardhacks2020-gcp/SameHomeDifferentHacks2020/audio_spectogram_1_1_9.png, sound_07,0.606,0.0,,,0.652,1.0,,
TRAIN,gs://backyardhacks2020-gcp/SameHomeDifferentHacks2020/audio_spectogram_1_1_9.png, sound_08,0.708,0.0,,,0.853,1.0,,
TRAIN,gs://backyardhacks2020-gcp/SameHomeDifferentHacks2020/audio_spectogram_1_1_9.png, sound_09,0.911,0.0,,,0.973,1.0,,
TRAIN,gs://backyardhacks2020-gcp/SameHomeDifferentHacks2020/audio_spectogram_1_1_10.png, sound_04,0.086,0.0,,,0.117,1.0,,
TRAIN,gs://backyardhacks2020-gcp/SameHomeDifferentHacks2020/audio_spectogram_1_1_10.png, sound_05,0.169,0.0,,,0.291,1.0,,
TRAIN,gs://backyardhacks2020-gcp/SameHomeDifferentHacks2020/audio_spectogram_1_1_10.png, sound_06,0.351,0.0,,,0.385,1.0,,
TRAIN,gs://backyardhacks2020-gcp/SameHomeDifferentHacks2020/audio_spectogram_1_1_10.png, sound_07,0.428,0.0,,,0.476,1.0,,
TRAIN,gs://backyardhacks2020-gcp/SameHomeDifferentHacks2020/audio_spectogram_1_1_10.png, sound_08,0.531,0.0,,,0.675,1.0,,
TRAIN,gs://backyardhacks2020-gcp/SameHomeDifferentHacks2020/audio_spectogram_1_1_10.png, sound_09,0.733,0.0,,,0.797,1.0,,
TRAIN,gs://backyardhacks2020-gcp/SameHomeDifferentHacks2020/audio_spectogram_1_1_10.png, sound_10,0.855,0.0,,,0.953,1.0,,
TRAIN,gs://backyardhacks2020-gcp/SameHomeDifferentHacks2020/audio_spectogram_1_1_11.png, sound_04,0.03,0.0,,,0.062,1.0,,
TRAIN,gs://backyardhacks2020-gcp/SameHomeDifferentHacks2020/audio_spectogram_1_1_11.png, sound_05,0.114,0.0,,,0.236,1.0,,
TRAIN,gs://backyardhacks2020-gcp/SameHomeDifferentHacks2020/audio_spectogram_1_1_11.png, sound_06,0.295,0.0,,,0.331,1.0,,
TRAIN,gs://backyardhacks2020-gcp/SameHomeDifferentHacks2020/audio_spectogram_1_1_11.png, sound_07,0.374,0.0,,,0.42,1.0,,
TRAIN,gs://backyardhacks2020-gcp/SameHomeDifferentHacks2020/audio_spectogram_1_1_11.png, sound_08,0.476,0.0,,,0.62,1.0,,
TRAIN,gs://backyardhacks2020-gcp/SameHomeDifferentHacks2020/audio_spectogram_1_1_11.png, sound_09,0.679,0.0,,,0.742,1.0,,
TRAIN,gs://backyardhacks2020-gcp/SameHomeDifferentHacks2020/audio_spectogram_1_1_11.png, sound_10,0.8,0.0,,,0.898,1.0,,
TRAIN,gs://backyardhacks2020-gcp/SameHomeDifferentHacks2020/audio_spectogram_1_1_11.png, sound_11,0.957,0.0,,,0.975,1.0,,
TRAIN,gs://backyardhacks2020-gcp/SameHomeDifferentHacks2020/audio_spectogram_1_1_12.png, sound_05,0.051,0.0,,,0.174,1.0,,
TRAIN,gs://backyardhacks2020-gcp/SameHomeDifferentHacks2020/audio_spectogram_1_1_12.png, sound_06,0.232,0.0,,,0.269,1.0,,
TRAIN,gs://backyardhacks2020-gcp/SameHomeDifferentHacks2020/audio_spectogram_1_1_12.png, sound_07,0.311,0.0,,,0.359,1.0,,
TRAIN,gs://backyardhacks2020-gcp/SameHomeDifferentHacks2020/audio_spectogram_1_1_12.png, sound_08,0.413,0.0,,,0.558,1.0,,
TRAIN,gs://backyardhacks2020-gcp/SameHomeDifferentHacks2020/audio_spectogram_1_1_12.png, sound_09,0.617,0.0,,,0.679,1.0,,
TRAIN,gs://backyardhacks2020-gcp/SameHomeDifferentHacks2020/audio_spectogram_1_1_12.png, sound_10,0.738,0.0,,,0.836,1.0,,
TRAIN,gs://backyardhacks2020-gcp/SameHomeDifferentHacks2020/audio_spectogram_1_1_12.png, sound_11,0.893,0.0,,,0.912,1.0,,
TRAIN,gs://backyardhacks2020-gcp/SameHomeDifferentHacks2020/audio_spectogram_1_1_12.png, sound_12,0.958,0.0,,,0.985,1.0,,
TRAIN,gs://backyardhacks2020-gcp/SameHomeDifferentHacks2020/audio_spectogram_1_1_13.png, sound_06,0.133,0.0,,,0.169,1.0,,
TRAIN,gs://backyardhacks2020-gcp/SameHomeDifferentHacks2020/audio_spectogram_1_1_13.png, sound_07,0.213,0.0,,,0.259,1.0,,
TRAIN,gs://backyardhacks2020-gcp/SameHomeDifferentHacks2020/audio_spectogram_1_1_13.png, sound_08,0.315,0.0,,,0.459,1.0,,
TRAIN,gs://backyardhacks2020-gcp/SameHomeDifferentHacks2020/audio_spectogram_1_1_13.png, sound_09,0.518,0.0,,,0.581,1.0,,
TRAIN,gs://backyardhacks2020-gcp/SameHomeDifferentHacks2020/audio_spectogram_1_1_13.png, sound_10,0.64,0.0,,,0.738,1.0,,
TRAIN,gs://backyardhacks2020-gcp/SameHomeDifferentHacks2020/audio_spectogram_1_1_13.png, sound_11,0.795,0.0,,,0.815,1.0,,
TRAIN,gs://backyardhacks2020-gcp/SameHomeDifferentHacks2020/audio_spectogram_1_1_13.png, sound_12,0.859,0.0,,,0.888,1.0,,
TRAIN,gs://backyardhacks2020-gcp/SameHomeDifferentHacks2020/audio_spectogram_1_1_13.png, sound_13,0.946,0.0,,,0.979,1.0,,
TRAIN,gs://backyardhacks2020-gcp/SameHomeDifferentHacks2020/audio_spectogram_1_1_14.png, sound_06,0.045,0.0,,,0.079,1.0,,
TRAIN,gs://backyardhacks2020-gcp/SameHomeDifferentHacks2020/audio_spectogram_1_1_14.png, sound_07,0.122,0.0,,,0.17,1.0,,
TRAIN,gs://backyardhacks2020-gcp/SameHomeDifferentHacks2020/audio_spectogram_1_1_14.png, sound_08,0.225,0.0,,,0.37,1.0,,
TRAIN,gs://backyardhacks2020-gcp/SameHomeDifferentHacks2020/audio_spectogram_1_1_14.png, sound_09,0.428,0.0,,,0.491,1.0,,
TRAIN,gs://backyardhacks2020-gcp/SameHomeDifferentHacks2020/audio_spectogram_1_1_14.png, sound_10,0.55,0.0,,,0.648,1.0,,
TRAIN,gs://backyardhacks2020-gcp/SameHomeDifferentHacks2020/audio_spectogram_1_1_14.png, sound_11,0.705,0.0,,,0.723,1.0,,
TRAIN,gs://backyardhacks2020-gcp/SameHomeDifferentHacks2020/audio_spectogram_1_1_14.png, sound_12,0.769,0.0,,,0.797,1.0,,
TRAIN,gs://backyardhacks2020-gcp/SameHomeDifferentHacks2020/audio_spectogram_1_1_14.png, sound_13,0.857,0.0,,,0.888,1.0,,
TRAIN,gs://backyardhacks2020-gcp/SameHomeDifferentHacks2020/audio_spectogram_1_1_14.png, sound_14,0.938,0.0,,,0.968,1.0,,
TEST,gs://backyardhacks2020-gcp/SameHomeDifferentHacks2020/audio_spectogram_1_1_15.png, sound_07,0.051,0.0,,,0.098,1.0,,
TEST,gs://backyardhacks2020-gcp/SameHomeDifferentHacks2020/audio_spectogram_1_1_15.png, sound_08,0.154,0.0,,,0.298,1.0,,
TEST,gs://backyardhacks2020-gcp/SameHomeDifferentHacks2020/audio_spectogram_1_1_15.png, sound_09,0.355,0.0,,,0.419,1.0,,
TEST,gs://backyardhacks2020-gcp/SameHomeDifferentHacks2020/audio_spectogram_1_1_15.png, sound_10,0.478,0.0,,,0.576,1.0,,
TEST,gs://backyardhacks2020-gcp/SameHomeDifferentHacks2020/audio_spectogram_1_1_15.png, sound_11,0.633,0.0,,,0.652,1.0,,
TEST,gs://backyardhacks2020-gcp/SameHomeDifferentHacks2020/audio_spectogram_1_1_15.png, sound_12,0.697,0.0,,,0.726,1.0,,
TEST,gs://backyardhacks2020-gcp/SameHomeDifferentHacks2020/audio_spectogram_1_1_15.png, sound_13,0.784,0.0,,,0.817,1.0,,
TEST,gs://backyardhacks2020-gcp/SameHomeDifferentHacks2020/audio_spectogram_1_1_15.png, sound_14,0.865,0.0,,,0.897,1.0,,
TEST,gs://backyardhacks2020-gcp/SameHomeDifferentHacks2020/audio_spectogram_1_1_15.png, sound_15,0.948,0.0,,,0.98,1.0,,
VALIDATION,gs://backyardhacks2020-gcp/SameHomeDifferentHacks2020/audio_spectogram_1_1_16.png, sound_08,0.036,0.0,,,0.182,1.0,,
VALIDATION,gs://backyardhacks2020-gcp/SameHomeDifferentHacks2020/audio_spectogram_1_1_16.png, sound_09,0.24,0.0,,,0.302,1.0,,
VALIDATION,gs://backyardhacks2020-gcp/SameHomeDifferentHacks2020/audio_spectogram_1_1_16.png, sound_10,0.361,0.0,,,0.459,1.0,,
VALIDATION,gs://backyardhacks2020-gcp/SameHomeDifferentHacks2020/audio_spectogram_1_1_16.png, sound_11,0.517,0.0,,,0.535,1.0,,
VALIDATION,gs://backyardhacks2020-gcp/SameHomeDifferentHacks2020/audio_spectogram_1_1_16.png, sound_12,0.581,0.0,,,0.607,1.0,,
VALIDATION,gs://backyardhacks2020-gcp/SameHomeDifferentHacks2020/audio_spectogram_1_1_16.png, sound_13,0.667,0.0,,,0.702,1.0,,
VALIDATION,gs://backyardhacks2020-gcp/SameHomeDifferentHacks2020/audio_spectogram_1_1_16.png, sound_14,0.749,0.0,,,0.783,1.0,,
VALIDATION,gs://backyardhacks2020-gcp/SameHomeDifferentHacks2020/audio_spectogram_1_1_16.png, sound_15,0.832,0.0,,,0.864,1.0,,
VALIDATION,gs://backyardhacks2020-gcp/SameHomeDifferentHacks2020/audio_spectogram_1_1_16.png, sound_16,0.92,0.0,,,0.958,1.0,,
TRAIN,gs://backyardhacks2020-gcp/SameHomeDifferentHacks2020/audio_spectogram_1_1_17.png, sound_09,0.121,0.0,,,0.183,1.0,,
TRAIN,gs://backyardhacks2020-gcp/SameHomeDifferentHacks2020/audio_spectogram_1_1_17.png, sound_10,0.242,0.0,,,0.339,1.0,,
TRAIN,gs://backyardhacks2020-gcp/SameHomeDifferentHacks2020/audio_spectogram_1_1_17.png, sound_11,0.398,0.0,,,0.418,1.0,,
TRAIN,gs://backyardhacks2020-gcp/SameHomeDifferentHacks2020/audio_spectogram_1_1_17.png, sound_12,0.463,0.0,,,0.49,1.0,,
TRAIN,gs://backyardhacks2020-gcp/SameHomeDifferentHacks2020/audio_spectogram_1_1_17.png, sound_13,0.55,0.0,,,0.582,1.0,,
TRAIN,gs://backyardhacks2020-gcp/SameHomeDifferentHacks2020/audio_spectogram_1_1_17.png, sound_14,0.631,0.0,,,0.661,1.0,,
TRAIN,gs://backyardhacks2020-gcp/SameHomeDifferentHacks2020/audio_spectogram_1_1_17.png, sound_15,0.712,0.0,,,0.746,1.0,,
TRAIN,gs://backyardhacks2020-gcp/SameHomeDifferentHacks2020/audio_spectogram_1_1_17.png, sound_16,0.802,0.0,,,0.839,1.0,,
TRAIN,gs://backyardhacks2020-gcp/SameHomeDifferentHacks2020/audio_spectogram_1_1_17.png, sound_17,0.894,0.0,,,0.977,1.0,,
TRAIN,gs://backyardhacks2020-gcp/SameHomeDifferentHacks2020/audio_spectogram_1_1_18.png, sound_09,0.036,0.0,,,0.097,1.0,,
TRAIN,gs://backyardhacks2020-gcp/SameHomeDifferentHacks2020/audio_spectogram_1_1_18.png, sound_10,0.157,0.0,,,0.256,1.0,,
TRAIN,gs://backyardhacks2020-gcp/SameHomeDifferentHacks2020/audio_spectogram_1_1_18.png, sound_11,0.312,0.0,,,0.332,1.0,,
TRAIN,gs://backyardhacks2020-gcp/SameHomeDifferentHacks2020/audio_spectogram_1_1_18.png, sound_12,0.377,0.0,,,0.405,1.0,,
TRAIN,gs://backyardhacks2020-gcp/SameHomeDifferentHacks2020/audio_spectogram_1_1_18.png, sound_13,0.464,0.0,,,0.496,1.0,,
TRAIN,gs://backyardhacks2020-gcp/SameHomeDifferentHacks2020/audio_spectogram_1_1_18.png, sound_14,0.545,0.0,,,0.576,1.0,,
TRAIN,gs://backyardhacks2020-gcp/SameHomeDifferentHacks2020/audio_spectogram_1_1_18.png, sound_15,0.626,0.0,,,0.66,1.0,,
TRAIN,gs://backyardhacks2020-gcp/SameHomeDifferentHacks2020/audio_spectogram_1_1_18.png, sound_16,0.716,0.0,,,0.753,1.0,,
TRAIN,gs://backyardhacks2020-gcp/SameHomeDifferentHacks2020/audio_spectogram_1_1_18.png, sound_17,0.81,0.0,,,0.891,1.0,,
TRAIN,gs://backyardhacks2020-gcp/SameHomeDifferentHacks2020/audio_spectogram_1_1_18.png, sound_18,0.958,0.0,,,0.984,1.0,,
TRAIN,gs://backyardhacks2020-gcp/SameHomeDifferentHacks2020/audio_spectogram_1_1_19.png, sound_10,0.094,0.0,,,0.193,1.0,,
TRAIN,gs://backyardhacks2020-gcp/SameHomeDifferentHacks2020/audio_spectogram_1_1_19.png, sound_11,0.249,0.0,,,0.268,1.0,,
TRAIN,gs://backyardhacks2020-gcp/SameHomeDifferentHacks2020/audio_spectogram_1_1_19.png, sound_12,0.314,0.0,,,0.341,1.0,,
TRAIN,gs://backyardhacks2020-gcp/SameHomeDifferentHacks2020/audio_spectogram_1_1_19.png, sound_13,0.40,0.0,,,0.434,1.0,,
TRAIN,gs://backyardhacks2020-gcp/SameHomeDifferentHacks2020/audio_spectogram_1_1_19.png, sound_14,0.483,0.0,,,0.513,1.0,,
TRAIN,gs://backyardhacks2020-gcp/SameHomeDifferentHacks2020/audio_spectogram_1_1_19.png, sound_15,0.564,0.0,,,0.597,1.0,,
TRAIN,gs://backyardhacks2020-gcp/SameHomeDifferentHacks2020/audio_spectogram_1_1_19.png, sound_16,0.653,0.0,,,0.69,1.0,,
TRAIN,gs://backyardhacks2020-gcp/SameHomeDifferentHacks2020/audio_spectogram_1_1_19.png, sound_17,0.745,0.0,,,0.828,1.0,,
TRAIN,gs://backyardhacks2020-gcp/SameHomeDifferentHacks2020/audio_spectogram_1_1_19.png, sound_18,0.896,0.0,,,0.922,1.0,,
TRAIN,gs://backyardhacks2020-gcp/SameHomeDifferentHacks2020/audio_spectogram_1_1_19.png, sound_19,0.964,0.0,,,0.984,1.0,,
TRAIN,gs://backyardhacks2020-gcp/SameHomeDifferentHacks2020/audio_spectogram_1_1_20.png, sound_10,0.007,0.0,,,0.105,1.0,,
TRAIN,gs://backyardhacks2020-gcp/SameHomeDifferentHacks2020/audio_spectogram_1_1_20.png, sound_11,0.164,0.0,,,0.182,1.0,,
TRAIN,gs://backyardhacks2020-gcp/SameHomeDifferentHacks2020/audio_spectogram_1_1_20.png, sound_12,0.227,0.0,,,0.255,1.0,,
TRAIN,gs://backyardhacks2020-gcp/SameHomeDifferentHacks2020/audio_spectogram_1_1_20.png, sound_13,0.314,0.0,,,0.346,1.0,,
TRAIN,gs://backyardhacks2020-gcp/SameHomeDifferentHacks2020/audio_spectogram_1_1_20.png, sound_14,0.396,0.0,,,0.427,1.0,,
TRAIN,gs://backyardhacks2020-gcp/SameHomeDifferentHacks2020/audio_spectogram_1_1_20.png, sound_15,0.478,0.0,,,0.512,1.0,,
TRAIN,gs://backyardhacks2020-gcp/SameHomeDifferentHacks2020/audio_spectogram_1_1_20.png, sound_16,0.568,0.0,,,0.604,1.0,,
TRAIN,gs://backyardhacks2020-gcp/SameHomeDifferentHacks2020/audio_spectogram_1_1_20.png, sound_17,0.66,0.0,,,0.742,1.0,,
TRAIN,gs://backyardhacks2020-gcp/SameHomeDifferentHacks2020/audio_spectogram_1_1_20.png, sound_18,0.81,0.0,,,0.836,1.0,,
TRAIN,gs://backyardhacks2020-gcp/SameHomeDifferentHacks2020/audio_spectogram_1_1_20.png, sound_19,0.879,0.0,,,0.896,1.0,,
TRAIN,gs://backyardhacks2020-gcp/SameHomeDifferentHacks2020/audio_spectogram_1_1_20.png, sound_20,0.946,0.0,,,0.986,1.0,,
TRAIN,gs://backyardhacks2020-gcp/SameHomeDifferentHacks2020/audio_spectogram_1_1_21.png, sound_11,0.043,0.0,,,0.064,1.0,,
TRAIN,gs://backyardhacks2020-gcp/SameHomeDifferentHacks2020/audio_spectogram_1_1_21.png, sound_12,0.108,0.0,,,0.136,1.0,,
TRAIN,gs://backyardhacks2020-gcp/SameHomeDifferentHacks2020/audio_spectogram_1_1_21.png, sound_13,0.196,0.0,,,0.227,1.0,,
TRAIN,gs://backyardhacks2020-gcp/SameHomeDifferentHacks2020/audio_spectogram_1_1_21.png, sound_14,0.276,0.0,,,0.306,1.0,,
TRAIN,gs://backyardhacks2020-gcp/SameHomeDifferentHacks2020/audio_spectogram_1_1_21.png, sound_15,0.358,0.0,,,0.393,1.0,,
TRAIN,gs://backyardhacks2020-gcp/SameHomeDifferentHacks2020/audio_spectogram_1_1_21.png, sound_16,0.448,0.0,,,0.486,1.0,,
TRAIN,gs://backyardhacks2020-gcp/SameHomeDifferentHacks2020/audio_spectogram_1_1_21.png, sound_17,0.54,0.0,,,0.622,1.0,,
TRAIN,gs://backyardhacks2020-gcp/SameHomeDifferentHacks2020/audio_spectogram_1_1_21.png, sound_18,0.69,0.0,,,0.716,1.0,,
TRAIN,gs://backyardhacks2020-gcp/SameHomeDifferentHacks2020/audio_spectogram_1_1_21.png, sound_19,0.76,0.0,,,0.78,1.0,,
TRAIN,gs://backyardhacks2020-gcp/SameHomeDifferentHacks2020/audio_spectogram_1_1_21.png, sound_20,0.826,0.0,,,0.867,1.0,,
TRAIN,gs://backyardhacks2020-gcp/SameHomeDifferentHacks2020/audio_spectogram_1_1_21.png, sound_21,0.931,0.0,,,0.975,1.0,,
TRAIN,gs://backyardhacks2020-gcp/SameHomeDifferentHacks2020/audio_spectogram_1_1_22.png, sound_12,0.031,0.0,,,0.059,1.0,,
TRAIN,gs://backyardhacks2020-gcp/SameHomeDifferentHacks2020/audio_spectogram_1_1_22.png, sound_13,0.118,0.0,,,0.151,1.0,,
TRAIN,gs://backyardhacks2020-gcp/SameHomeDifferentHacks2020/audio_spectogram_1_1_22.png, sound_14,0.20,0.0,,,0.23,1.0,,
TRAIN,gs://backyardhacks2020-gcp/SameHomeDifferentHacks2020/audio_spectogram_1_1_22.png, sound_15,0.281,0.0,,,0.314,1.0,,
TRAIN,gs://backyardhacks2020-gcp/SameHomeDifferentHacks2020/audio_spectogram_1_1_22.png, sound_16,0.37,0.0,,,0.409,1.0,,
TRAIN,gs://backyardhacks2020-gcp/SameHomeDifferentHacks2020/audio_spectogram_1_1_22.png, sound_17,0.463,0.0,,,0.544,1.0,,
TRAIN,gs://backyardhacks2020-gcp/SameHomeDifferentHacks2020/audio_spectogram_1_1_22.png, sound_18,0.612,0.0,,,0.639,1.0,,
TRAIN,gs://backyardhacks2020-gcp/SameHomeDifferentHacks2020/audio_spectogram_1_1_22.png, sound_19,0.682,0.0,,,0.698,1.0,,
TRAIN,gs://backyardhacks2020-gcp/SameHomeDifferentHacks2020/audio_spectogram_1_1_22.png, sound_20,0.749,0.0,,,0.79,1.0,,
TRAIN,gs://backyardhacks2020-gcp/SameHomeDifferentHacks2020/audio_spectogram_1_1_22.png, sound_21,0.855,0.0,,,0.898,1.0,,
TRAIN,gs://backyardhacks2020-gcp/SameHomeDifferentHacks2020/audio_spectogram_1_1_22.png, sound_22,0.94,0.0,,,0.978,1.0,,
TRAIN,gs://backyardhacks2020-gcp/SameHomeDifferentHacks2020/audio_spectogram_1_1_23.png, sound_14,0.075,0.0,,,0.107,1.0,,
TRAIN,gs://backyardhacks2020-gcp/SameHomeDifferentHacks2020/audio_spectogram_1_1_23.png, sound_15,0.157,0.0,,,0.192,1.0,,
TRAIN,gs://backyardhacks2020-gcp/SameHomeDifferentHacks2020/audio_spectogram_1_1_23.png, sound_16,0.246,0.0,,,0.284,1.0,,
TRAIN,gs://backyardhacks2020-gcp/SameHomeDifferentHacks2020/audio_spectogram_1_1_23.png, sound_17,0.339,0.0,,,0.422,1.0,,
TRAIN,gs://backyardhacks2020-gcp/SameHomeDifferentHacks2020/audio_spectogram_1_1_23.png, sound_18,0.49,0.0,,,0.516,1.0,,
TRAIN,gs://backyardhacks2020-gcp/SameHomeDifferentHacks2020/audio_spectogram_1_1_23.png, sound_19,0.558,0.0,,,0.575,1.0,,
TRAIN,gs://backyardhacks2020-gcp/SameHomeDifferentHacks2020/audio_spectogram_1_1_23.png, sound_20,0.625,0.0,,,0.666,1.0,,
TRAIN,gs://backyardhacks2020-gcp/SameHomeDifferentHacks2020/audio_spectogram_1_1_23.png, sound_21,0.73,0.0,,,0.773,1.0,,
TRAIN,gs://backyardhacks2020-gcp/SameHomeDifferentHacks2020/audio_spectogram_1_1_23.png, sound_22,0.816,0.0,,,0.855,1.0,,
TRAIN,gs://backyardhacks2020-gcp/SameHomeDifferentHacks2020/audio_spectogram_1_1_23.png, sound_23,0.923,0.0,,,0.97,1.0,,
TRAIN,gs://backyardhacks2020-gcp/SameHomeDifferentHacks2020/audio_spectogram_1_1_24.png, sound_15,0.057,0.0,,,0.09,1.0,,
TRAIN,gs://backyardhacks2020-gcp/SameHomeDifferentHacks2020/audio_spectogram_1_1_24.png, sound_16,0.147,0.0,,,0.185,1.0,,
TRAIN,gs://backyardhacks2020-gcp/SameHomeDifferentHacks2020/audio_spectogram_1_1_24.png, sound_17,0.239,0.0,,,0.32,1.0,,
TRAIN,gs://backyardhacks2020-gcp/SameHomeDifferentHacks2020/audio_spectogram_1_1_24.png, sound_18,0.389,0.0,,,0.415,1.0,,
TRAIN,gs://backyardhacks2020-gcp/SameHomeDifferentHacks2020/audio_spectogram_1_1_24.png, sound_19,0.458,0.0,,,0.477,1.0,,
TRAIN,gs://backyardhacks2020-gcp/SameHomeDifferentHacks2020/audio_spectogram_1_1_24.png, sound_20,0.525,0.0,,,0.565,1.0,,
TRAIN,gs://backyardhacks2020-gcp/SameHomeDifferentHacks2020/audio_spectogram_1_1_24.png, sound_21,0.63,0.0,,,0.673,1.0,,
TRAIN,gs://backyardhacks2020-gcp/SameHomeDifferentHacks2020/audio_spectogram_1_1_24.png, sound_22,0.716,0.0,,,0.754,1.0,,
TRAIN,gs://backyardhacks2020-gcp/SameHomeDifferentHacks2020/audio_spectogram_1_1_24.png, sound_23,0.823,0.0,,,0.869,1.0,,
TRAIN,gs://backyardhacks2020-gcp/SameHomeDifferentHacks2020/audio_spectogram_1_1_24.png, sound_24,0.927,0.0,,,0.968,1.0,,
TEST,gs://backyardhacks2020-gcp/SameHomeDifferentHacks2020/audio_spectogram_1_1_25.png, sound_16,0.046,0.0,,,0.082,1.0,,
TEST,gs://backyardhacks2020-gcp/SameHomeDifferentHacks2020/audio_spectogram_1_1_25.png, sound_17,0.138,0.0,,,0.22,1.0,,
TEST,gs://backyardhacks2020-gcp/SameHomeDifferentHacks2020/audio_spectogram_1_1_25.png, sound_18,0.287,0.0,,,0.313,1.0,,
TEST,gs://backyardhacks2020-gcp/SameHomeDifferentHacks2020/audio_spectogram_1_1_25.png, sound_19,0.358,0.0,,,0.373,1.0,,
TEST,gs://backyardhacks2020-gcp/SameHomeDifferentHacks2020/audio_spectogram_1_1_25.png, sound_20,0.424,0.0,,,0.464,1.0,,
TEST,gs://backyardhacks2020-gcp/SameHomeDifferentHacks2020/audio_spectogram_1_1_25.png, sound_21,0.528,0.0,,,0.573,1.0,,
TEST,gs://backyardhacks2020-gcp/SameHomeDifferentHacks2020/audio_spectogram_1_1_25.png, sound_22,0.615,0.0,,,0.653,1.0,,
TEST,gs://backyardhacks2020-gcp/SameHomeDifferentHacks2020/audio_spectogram_1_1_25.png, sound_23,0.723,0.0,,,0.768,1.0,,
TEST,gs://backyardhacks2020-gcp/SameHomeDifferentHacks2020/audio_spectogram_1_1_25.png, sound_24,0.825,0.0,,,0.869,1.0,,
TEST,gs://backyardhacks2020-gcp/SameHomeDifferentHacks2020/audio_spectogram_1_1_25.png, sound_25,0.92,0.0,,,0.972,1.0,,
VALIDATION,gs://backyardhacks2020-gcp/SameHomeDifferentHacks2020/audio_spectogram_1_1_26.png, sound_17,0.043,0.0,,,0.124,1.0,,
VALIDATION,gs://backyardhacks2020-gcp/SameHomeDifferentHacks2020/audio_spectogram_1_1_26.png, sound_18,0.192,0.0,,,0.217,1.0,,
VALIDATION,gs://backyardhacks2020-gcp/SameHomeDifferentHacks2020/audio_spectogram_1_1_26.png, sound_19,0.261,0.0,,,0.28,1.0,,
VALIDATION,gs://backyardhacks2020-gcp/SameHomeDifferentHacks2020/audio_spectogram_1_1_26.png, sound_20,0.328,0.0,,,0.368,1.0,,
VALIDATION,gs://backyardhacks2020-gcp/SameHomeDifferentHacks2020/audio_spectogram_1_1_26.png, sound_21,0.434,0.0,,,0.476,1.0,,
VALIDATION,gs://backyardhacks2020-gcp/SameHomeDifferentHacks2020/audio_spectogram_1_1_26.png, sound_22,0.519,0.0,,,0.556,1.0,,
VALIDATION,gs://backyardhacks2020-gcp/SameHomeDifferentHacks2020/audio_spectogram_1_1_26.png, sound_23,0.627,0.0,,,0.671,1.0,,
VALIDATION,gs://backyardhacks2020-gcp/SameHomeDifferentHacks2020/audio_spectogram_1_1_26.png, sound_24,0.729,0.0,,,0.773,1.0,,
VALIDATION,gs://backyardhacks2020-gcp/SameHomeDifferentHacks2020/audio_spectogram_1_1_26.png, sound_25,0.825,0.0,,,0.879,1.0,,
VALIDATION,gs://backyardhacks2020-gcp/SameHomeDifferentHacks2020/audio_spectogram_1_1_26.png, sound_26,0.929,0.0,,,0.986,1.0,,
TRAIN,gs://backyardhacks2020-gcp/SameHomeDifferentHacks2020/audio_spectogram_1_1_27.png, sound_18,0.085,0.0,,,0.107,1.0,,
TRAIN,gs://backyardhacks2020-gcp/SameHomeDifferentHacks2020/audio_spectogram_1_1_27.png, sound_19,0.154,0.0,,,0.175,1.0,,
TRAIN,gs://backyardhacks2020-gcp/SameHomeDifferentHacks2020/audio_spectogram_1_1_27.png, sound_20,0.22,0.0,,,0.262,1.0,,
TRAIN,gs://backyardhacks2020-gcp/SameHomeDifferentHacks2020/audio_spectogram_1_1_27.png, sound_21,0.326,0.0,,,0.369,1.0,,
TRAIN,gs://backyardhacks2020-gcp/SameHomeDifferentHacks2020/audio_spectogram_1_1_27.png, sound_22,0.412,0.0,,,0.45,1.0,,
TRAIN,gs://backyardhacks2020-gcp/SameHomeDifferentHacks2020/audio_spectogram_1_1_27.png, sound_23,0.521,0.0,,,0.565,1.0,,
TRAIN,gs://backyardhacks2020-gcp/SameHomeDifferentHacks2020/audio_spectogram_1_1_27.png, sound_24,0.622,0.0,,,0.664,1.0,,
TRAIN,gs://backyardhacks2020-gcp/SameHomeDifferentHacks2020/audio_spectogram_1_1_27.png, sound_25,0.717,0.0,,,0.771,1.0,,
TRAIN,gs://backyardhacks2020-gcp/SameHomeDifferentHacks2020/audio_spectogram_1_1_27.png, sound_26,0.821,0.0,,,0.878,1.0,,
TRAIN,gs://backyardhacks2020-gcp/SameHomeDifferentHacks2020/audio_spectogram_1_1_27.png, sound_27,0.939,0.0,,,0.977,1.0,,
TRAIN,gs://backyardhacks2020-gcp/SameHomeDifferentHacks2020/audio_spectogram_1_1_28.png, sound_20,0.062,0.0,,,0.105,1.0,,
TRAIN,gs://backyardhacks2020-gcp/SameHomeDifferentHacks2020/audio_spectogram_1_1_28.png, sound_21,0.168,0.0,,,0.211,1.0,,
TRAIN,gs://backyardhacks2020-gcp/SameHomeDifferentHacks2020/audio_spectogram_1_1_28.png, sound_22,0.253,0.0,,,0.282,1.0,,
TRAIN,gs://backyardhacks2020-gcp/SameHomeDifferentHacks2020/audio_spectogram_1_1_28.png, sound_23,0.363,0.0,,,0.408,1.0,,
TRAIN,gs://backyardhacks2020-gcp/SameHomeDifferentHacks2020/audio_spectogram_1_1_28.png, sound_24,0.464,0.0,,,0.509,1.0,,
TRAIN,gs://backyardhacks2020-gcp/SameHomeDifferentHacks2020/audio_spectogram_1_1_28.png, sound_25,0.559,0.0,,,0.612,1.0,,
TRAIN,gs://backyardhacks2020-gcp/SameHomeDifferentHacks2020/audio_spectogram_1_1_28.png, sound_26,0.664,0.0,,,0.72,1.0,,
TRAIN,gs://backyardhacks2020-gcp/SameHomeDifferentHacks2020/audio_spectogram_1_1_28.png, sound_27,0.781,0.0,,,0.82,1.0,,
TRAIN,gs://backyardhacks2020-gcp/SameHomeDifferentHacks2020/audio_spectogram_1_1_28.png, sound_28,0.876,0.0,,,0.964,1.0,,
TRAIN,gs://backyardhacks2020-gcp/SameHomeDifferentHacks2020/audio_spectogram_1_1_29.png, sound_21,0.103,0.0,,,0.145,1.0,,
TRAIN,gs://backyardhacks2020-gcp/SameHomeDifferentHacks2020/audio_spectogram_1_1_29.png, sound_22,0.189,0.0,,,0.226,1.0,,
TRAIN,gs://backyardhacks2020-gcp/SameHomeDifferentHacks2020/audio_spectogram_1_1_29.png, sound_23,0.298,0.0,,,0.341,1.0,,
TRAIN,gs://backyardhacks2020-gcp/SameHomeDifferentHacks2020/audio_spectogram_1_1_29.png, sound_24,0.399,0.0,,,0.444,1.0,,
TRAIN,gs://backyardhacks2020-gcp/SameHomeDifferentHacks2020/audio_spectogram_1_1_29.png, sound_25,0.494,0.0,,,0.547,1.0,,
TRAIN,gs://backyardhacks2020-gcp/SameHomeDifferentHacks2020/audio_spectogram_1_1_29.png, sound_26,0.599,0.0,,,0.655,1.0,,
TRAIN,gs://backyardhacks2020-gcp/SameHomeDifferentHacks2020/audio_spectogram_1_1_29.png, sound_27,0.716,0.0,,,0.756,1.0,,
TRAIN,gs://backyardhacks2020-gcp/SameHomeDifferentHacks2020/audio_spectogram_1_1_29.png, sound_28,0.811,0.0,,,0.90,1.0,,
TRAIN,gs://backyardhacks2020-gcp/SameHomeDifferentHacks2020/audio_spectogram_1_1_29.png, sound_29,0.945,0.0,,,0.971,1.0,,
TRAIN,gs://backyardhacks2020-gcp/SameHomeDifferentHacks2020/audio_spectogram_1_1_30.png, sound_21,0.002,0.0,,,0.043,1.0,,
TRAIN,gs://backyardhacks2020-gcp/SameHomeDifferentHacks2020/audio_spectogram_1_1_30.png, sound_22,0.086,0.0,,,0.125,1.0,,
TRAIN,gs://backyardhacks2020-gcp/SameHomeDifferentHacks2020/audio_spectogram_1_1_30.png, sound_23,0.196,0.0,,,0.24,1.0,,
TRAIN,gs://backyardhacks2020-gcp/SameHomeDifferentHacks2020/audio_spectogram_1_1_30.png, sound_24,0.298,0.0,,,0.34,1.0,,
TRAIN,gs://backyardhacks2020-gcp/SameHomeDifferentHacks2020/audio_spectogram_1_1_30.png, sound_25,0.393,0.0,,,0.447,1.0,,
TRAIN,gs://backyardhacks2020-gcp/SameHomeDifferentHacks2020/audio_spectogram_1_1_30.png, sound_26,0.497,0.0,,,0.553,1.0,,
TRAIN,gs://backyardhacks2020-gcp/SameHomeDifferentHacks2020/audio_spectogram_1_1_30.png, sound_27,0.615,0.0,,,0.652,1.0,,
TRAIN,gs://backyardhacks2020-gcp/SameHomeDifferentHacks2020/audio_spectogram_1_1_30.png, sound_28,0.709,0.0,,,0.797,1.0,,
TRAIN,gs://backyardhacks2020-gcp/SameHomeDifferentHacks2020/audio_spectogram_1_1_30.png, sound_29,0.842,0.0,,,0.868,1.0,,
TRAIN,gs://backyardhacks2020-gcp/SameHomeDifferentHacks2020/audio_spectogram_1_1_30.png, sound_30,0.922,0.0,,,0.975,1.0,,
TRAIN,gs://backyardhacks2020-gcp/SameHomeDifferentHacks2020/audio_spectogram_1_1_31.png, sound_23,0.047,0.0,,,0.091,1.0,,
TRAIN,gs://backyardhacks2020-gcp/SameHomeDifferentHacks2020/audio_spectogram_1_1_31.png, sound_24,0.148,0.0,,,0.192,1.0,,
TRAIN,gs://backyardhacks2020-gcp/SameHomeDifferentHacks2020/audio_spectogram_1_1_31.png, sound_25,0.244,0.0,,,0.297,1.0,,
TRAIN,gs://backyardhacks2020-gcp/SameHomeDifferentHacks2020/audio_spectogram_1_1_31.png, sound_26,0.348,0.0,,,0.404,1.0,,
TRAIN,gs://backyardhacks2020-gcp/SameHomeDifferentHacks2020/audio_spectogram_1_1_31.png, sound_27,0.466,0.0,,,0.504,1.0,,
TRAIN,gs://backyardhacks2020-gcp/SameHomeDifferentHacks2020/audio_spectogram_1_1_31.png, sound_28,0.561,0.0,,,0.648,1.0,,
TRAIN,gs://backyardhacks2020-gcp/SameHomeDifferentHacks2020/audio_spectogram_1_1_31.png, sound_29,0.694,0.0,,,0.72,1.0,,
TRAIN,gs://backyardhacks2020-gcp/SameHomeDifferentHacks2020/audio_spectogram_1_1_31.png, sound_30,0.773,0.0,,,0.825,1.0,,
TRAIN,gs://backyardhacks2020-gcp/SameHomeDifferentHacks2020/audio_spectogram_1_1_31.png, sound_31,0.88,0.0,,,0.963,1.0,,
TRAIN,gs://backyardhacks2020-gcp/SameHomeDifferentHacks2020/audio_spectogram_1_1_32.png, sound_24,0.094,0.0,,,0.14,1.0,,
TRAIN,gs://backyardhacks2020-gcp/SameHomeDifferentHacks2020/audio_spectogram_1_1_32.png, sound_25,0.19,0.0,,,0.244,1.0,,
TRAIN,gs://backyardhacks2020-gcp/SameHomeDifferentHacks2020/audio_spectogram_1_1_32.png, sound_26,0.295,0.0,,,0.345,1.0,,
TRAIN,gs://backyardhacks2020-gcp/SameHomeDifferentHacks2020/audio_spectogram_1_1_32.png, sound_27,0.413,0.0,,,0.449,1.0,,
TRAIN,gs://backyardhacks2020-gcp/SameHomeDifferentHacks2020/audio_spectogram_1_1_32.png, sound_28,0.507,0.0,,,0.585,1.0,,
TRAIN,gs://backyardhacks2020-gcp/SameHomeDifferentHacks2020/audio_spectogram_1_1_32.png, sound_29,0.641,0.0,,,0.665,1.0,,
TRAIN,gs://backyardhacks2020-gcp/SameHomeDifferentHacks2020/audio_spectogram_1_1_32.png, sound_30,0.72,0.0,,,0.772,1.0,,
TRAIN,gs://backyardhacks2020-gcp/SameHomeDifferentHacks2020/audio_spectogram_1_1_32.png, sound_31,0.829,0.0,,,0.909,1.0,,
TRAIN,gs://backyardhacks2020-gcp/SameHomeDifferentHacks2020/audio_spectogram_1_1_32.png, sound_32,0.962,0.0,,,0.978,1.0,,
TRAIN,gs://backyardhacks2020-gcp/SameHomeDifferentHacks2020/audio_spectogram_1_1_33.png, sound_24,0.004,0.0,,,0.049,1.0,,
TRAIN,gs://backyardhacks2020-gcp/SameHomeDifferentHacks2020/audio_spectogram_1_1_33.png, sound_25,0.101,0.0,,,0.154,1.0,,
TRAIN,gs://backyardhacks2020-gcp/SameHomeDifferentHacks2020/audio_spectogram_1_1_33.png, sound_26,0.205,0.0,,,0.258,1.0,,
TRAIN,gs://backyardhacks2020-gcp/SameHomeDifferentHacks2020/audio_spectogram_1_1_33.png, sound_27,0.322,0.0,,,0.36,1.0,,
TRAIN,gs://backyardhacks2020-gcp/SameHomeDifferentHacks2020/audio_spectogram_1_1_33.png, sound_28,0.417,0.0,,,0.494,1.0,,
TRAIN,gs://backyardhacks2020-gcp/SameHomeDifferentHacks2020/audio_spectogram_1_1_33.png, sound_29,0.55,0.0,,,0.577,1.0,,
TRAIN,gs://backyardhacks2020-gcp/SameHomeDifferentHacks2020/audio_spectogram_1_1_33.png, sound_30,0.63,0.0,,,0.682,1.0,,
TRAIN,gs://backyardhacks2020-gcp/SameHomeDifferentHacks2020/audio_spectogram_1_1_33.png, sound_31,0.737,0.0,,,0.821,1.0,,
TRAIN,gs://backyardhacks2020-gcp/SameHomeDifferentHacks2020/audio_spectogram_1_1_33.png, sound_32,0.871,0.0,,,0.887,1.0,,
TRAIN,gs://backyardhacks2020-gcp/SameHomeDifferentHacks2020/audio_spectogram_1_1_33.png, sound_33,0.933,0.0,,,0.983,1.0,,
TEST,gs://backyardhacks2020-gcp/SameHomeDifferentHacks2020/audio_spectogram_1_1_34.png, sound_26,0.076,0.0,,,0.13,1.0,,
TEST,gs://backyardhacks2020-gcp/SameHomeDifferentHacks2020/audio_spectogram_1_1_34.png, sound_27,0.194,0.0,,,0.231,1.0,,
TEST,gs://backyardhacks2020-gcp/SameHomeDifferentHacks2020/audio_spectogram_1_1_34.png, sound_28,0.288,0.0,,,0.377,1.0,,
TEST,gs://backyardhacks2020-gcp/SameHomeDifferentHacks2020/audio_spectogram_1_1_34.png, sound_29,0.423,0.0,,,0.449,1.0,,
TEST,gs://backyardhacks2020-gcp/SameHomeDifferentHacks2020/audio_spectogram_1_1_34.png, sound_30,0.501,0.0,,,0.555,1.0,,
TEST,gs://backyardhacks2020-gcp/SameHomeDifferentHacks2020/audio_spectogram_1_1_34.png, sound_31,0.608,0.0,,,0.69,1.0,,
TEST,gs://backyardhacks2020-gcp/SameHomeDifferentHacks2020/audio_spectogram_1_1_34.png, sound_32,0.742,0.0,,,0.759,1.0,,
TEST,gs://backyardhacks2020-gcp/SameHomeDifferentHacks2020/audio_spectogram_1_1_34.png, sound_33,0.804,0.0,,,0.851,1.0,,
TEST,gs://backyardhacks2020-gcp/SameHomeDifferentHacks2020/audio_spectogram_1_1_34.png, sound_34,0.911,0.0,,,0.975,1.0,,
VALIDATION,gs://backyardhacks2020-gcp/SameHomeDifferentHacks2020/audio_spectogram_1_1_35.png, sound_27,0.09,0.0,,,0.126,1.0,,
VALIDATION,gs://backyardhacks2020-gcp/SameHomeDifferentHacks2020/audio_spectogram_1_1_35.png, sound_28,0.183,0.0,,,0.272,1.0,,
VALIDATION,gs://backyardhacks2020-gcp/SameHomeDifferentHacks2020/audio_spectogram_1_1_35.png, sound_29,0.318,0.0,,,0.344,1.0,,
VALIDATION,gs://backyardhacks2020-gcp/SameHomeDifferentHacks2020/audio_spectogram_1_1_35.png, sound_30,0.396,0.0,,,0.449,1.0,,
VALIDATION,gs://backyardhacks2020-gcp/SameHomeDifferentHacks2020/audio_spectogram_1_1_35.png, sound_31,0.505,0.0,,,0.587,1.0,,
VALIDATION,gs://backyardhacks2020-gcp/SameHomeDifferentHacks2020/audio_spectogram_1_1_35.png, sound_32,0.639,0.0,,,0.655,1.0,,
VALIDATION,gs://backyardhacks2020-gcp/SameHomeDifferentHacks2020/audio_spectogram_1_1_35.png, sound_33,0.701,0.0,,,0.749,1.0,,
VALIDATION,gs://backyardhacks2020-gcp/SameHomeDifferentHacks2020/audio_spectogram_1_1_35.png, sound_34,0.807,0.0,,,0.864,1.0,,
VALIDATION,gs://backyardhacks2020-gcp/SameHomeDifferentHacks2020/audio_spectogram_1_1_35.png, sound_35,0.943,0.0,,,0.957,1.0,,
TRAIN,gs://backyardhacks2020-gcp/SameHomeDifferentHacks2020/audio_spectogram_1_1_36.png, sound_28,0.057,0.0,,,0.134,1.0,,
TRAIN,gs://backyardhacks2020-gcp/SameHomeDifferentHacks2020/audio_spectogram_1_1_36.png, sound_29,0.189,0.0,,,0.216,1.0,,
TRAIN,gs://backyardhacks2020-gcp/SameHomeDifferentHacks2020/audio_spectogram_1_1_36.png, sound_30,0.269,0.0,,,0.323,1.0,,
TRAIN,gs://backyardhacks2020-gcp/SameHomeDifferentHacks2020/audio_spectogram_1_1_36.png, sound_31,0.377,0.0,,,0.46,1.0,,
TRAIN,gs://backyardhacks2020-gcp/SameHomeDifferentHacks2020/audio_spectogram_1_1_36.png, sound_32,0.511,0.0,,,0.528,1.0,,
TRAIN,gs://backyardhacks2020-gcp/SameHomeDifferentHacks2020/audio_spectogram_1_1_36.png, sound_33,0.572,0.0,,,0.622,1.0,,
TRAIN,gs://backyardhacks2020-gcp/SameHomeDifferentHacks2020/audio_spectogram_1_1_36.png, sound_34,0.68,0.0,,,0.742,1.0,,
TRAIN,gs://backyardhacks2020-gcp/SameHomeDifferentHacks2020/audio_spectogram_1_1_36.png, sound_35,0.815,0.0,,,0.831,1.0,,
TRAIN,gs://backyardhacks2020-gcp/SameHomeDifferentHacks2020/audio_spectogram_1_1_36.png, sound_36,0.897,0.0,,,0.987,1.0,,
TRAIN,gs://backyardhacks2020-gcp/SameHomeDifferentHacks2020/audio_spectogram_1_1_37.png, sound_29,0.069,0.0,,,0.096,1.0,,
TRAIN,gs://backyardhacks2020-gcp/SameHomeDifferentHacks2020/audio_spectogram_1_1_37.png, sound_30,0.149,0.0,,,0.20,1.0,,
TRAIN,gs://backyardhacks2020-gcp/SameHomeDifferentHacks2020/audio_spectogram_1_1_37.png, sound_31,0.257,0.0,,,0.34,1.0,,
TRAIN,gs://backyardhacks2020-gcp/SameHomeDifferentHacks2020/audio_spectogram_1_1_37.png, sound_32,0.39,0.0,,,0.408,1.0,,
TRAIN,gs://backyardhacks2020-gcp/SameHomeDifferentHacks2020/audio_spectogram_1_1_37.png, sound_33,0.452,0.0,,,0.501,1.0,,
TRAIN,gs://backyardhacks2020-gcp/SameHomeDifferentHacks2020/audio_spectogram_1_1_37.png, sound_34,0.56,0.0,,,0.622,1.0,,
TRAIN,gs://backyardhacks2020-gcp/SameHomeDifferentHacks2020/audio_spectogram_1_1_37.png, sound_35,0.694,0.0,,,0.709,1.0,,
TRAIN,gs://backyardhacks2020-gcp/SameHomeDifferentHacks2020/audio_spectogram_1_1_37.png, sound_36,0.776,0.0,,,0.865,1.0,,
TRAIN,gs://backyardhacks2020-gcp/SameHomeDifferentHacks2020/audio_spectogram_1_1_37.png, sound_37,0.938,0.0,,,0.984,1.0,,
TRAIN,gs://backyardhacks2020-gcp/SameHomeDifferentHacks2020/audio_spectogram_1_1_38.png, sound_30,0.056,0.0,,,0.108,1.0,,
TRAIN,gs://backyardhacks2020-gcp/SameHomeDifferentHacks2020/audio_spectogram_1_1_38.png, sound_31,0.164,0.0,,,0.246,1.0,,
TRAIN,gs://backyardhacks2020-gcp/SameHomeDifferentHacks2020/audio_spectogram_1_1_38.png, sound_32,0.299,0.0,,,0.314,1.0,,
TRAIN,gs://backyardhacks2020-gcp/SameHomeDifferentHacks2020/audio_spectogram_1_1_38.png, sound_33,0.359,0.0,,,0.409,1.0,,
TRAIN,gs://backyardhacks2020-gcp/SameHomeDifferentHacks2020/audio_spectogram_1_1_38.png, sound_34,0.467,0.0,,,0.529,1.0,,
TRAIN,gs://backyardhacks2020-gcp/SameHomeDifferentHacks2020/audio_spectogram_1_1_38.png, sound_35,0.601,0.0,,,0.618,1.0,,
TRAIN,gs://backyardhacks2020-gcp/SameHomeDifferentHacks2020/audio_spectogram_1_1_38.png, sound_36,0.683,0.0,,,0.772,1.0,,
TRAIN,gs://backyardhacks2020-gcp/SameHomeDifferentHacks2020/audio_spectogram_1_1_38.png, sound_37,0.848,0.0,,,0.888,1.0,,
TRAIN,gs://backyardhacks2020-gcp/SameHomeDifferentHacks2020/audio_spectogram_1_1_38.png, sound_38,0.949,0.0,,,0.979,1.0,,
TRAIN,gs://backyardhacks2020-gcp/SameHomeDifferentHacks2020/audio_spectogram_1_1_39.png, sound_31,0.064,0.0,,,0.147,1.0,,
TRAIN,gs://backyardhacks2020-gcp/SameHomeDifferentHacks2020/audio_spectogram_1_1_39.png, sound_32,0.198,0.0,,,0.216,1.0,,
TRAIN,gs://backyardhacks2020-gcp/SameHomeDifferentHacks2020/audio_spectogram_1_1_39.png, sound_33,0.26,0.0,,,0.31,1.0,,
TRAIN,gs://backyardhacks2020-gcp/SameHomeDifferentHacks2020/audio_spectogram_1_1_39.png, sound_34,0.367,0.0,,,0.43,1.0,,
TRAIN,gs://backyardhacks2020-gcp/SameHomeDifferentHacks2020/audio_spectogram_1_1_39.png, sound_35,0.502,0.0,,,0.52,1.0,,
TRAIN,gs://backyardhacks2020-gcp/SameHomeDifferentHacks2020/audio_spectogram_1_1_39.png, sound_36,0.584,0.0,,,0.672,1.0,,
TRAIN,gs://backyardhacks2020-gcp/SameHomeDifferentHacks2020/audio_spectogram_1_1_39.png, sound_37,0.747,0.0,,,0.789,1.0,,
TRAIN,gs://backyardhacks2020-gcp/SameHomeDifferentHacks2020/audio_spectogram_1_1_39.png, sound_38,0.849,0.0,,,0.882,1.0,,
TRAIN,gs://backyardhacks2020-gcp/SameHomeDifferentHacks2020/audio_spectogram_1_1_39.png, sound_39,0.924,0.0,,,0.988,1.0,,
TRAIN,gs://backyardhacks2020-gcp/SameHomeDifferentHacks2020/audio_spectogram_1_1_40.png, sound_32,0.112,0.0,,,0.13,1.0,,
TRAIN,gs://backyardhacks2020-gcp/SameHomeDifferentHacks2020/audio_spectogram_1_1_40.png, sound_33,0.175,0.0,,,0.223,1.0,,
TRAIN,gs://backyardhacks2020-gcp/SameHomeDifferentHacks2020/audio_spectogram_1_1_40.png, sound_34,0.282,0.0,,,0.345,1.0,,
TRAIN,gs://backyardhacks2020-gcp/SameHomeDifferentHacks2020/audio_spectogram_1_1_40.png, sound_35,0.416,0.0,,,0.434,1.0,,
TRAIN,gs://backyardhacks2020-gcp/SameHomeDifferentHacks2020/audio_spectogram_1_1_40.png, sound_36,0.498,0.0,,,0.587,1.0,,
TRAIN,gs://backyardhacks2020-gcp/SameHomeDifferentHacks2020/audio_spectogram_1_1_40.png, sound_37,0.661,0.0,,,0.705,1.0,,
TRAIN,gs://backyardhacks2020-gcp/SameHomeDifferentHacks2020/audio_spectogram_1_1_40.png, sound_38,0.764,0.0,,,0.797,1.0,,
TRAIN,gs://backyardhacks2020-gcp/SameHomeDifferentHacks2020/audio_spectogram_1_1_40.png, sound_39,0.839,0.0,,,0.902,1.0,,
TRAIN,gs://backyardhacks2020-gcp/SameHomeDifferentHacks2020/audio_spectogram_1_1_40.png, sound_40,0.949,0.0,,,0.977,1.0,,
TRAIN,gs://backyardhacks2020-gcp/SameHomeDifferentHacks2020/audio_spectogram_1_1_41.png, sound_32,0.055,0.0,,,0.073,1.0,,
TRAIN,gs://backyardhacks2020-gcp/SameHomeDifferentHacks2020/audio_spectogram_1_1_41.png, sound_33,0.118,0.0,,,0.166,1.0,,
TRAIN,gs://backyardhacks2020-gcp/SameHomeDifferentHacks2020/audio_spectogram_1_1_41.png, sound_34,0.224,0.0,,,0.288,1.0,,
TRAIN,gs://backyardhacks2020-gcp/SameHomeDifferentHacks2020/audio_spectogram_1_1_41.png, sound_35,0.359,0.0,,,0.376,1.0,,
TRAIN,gs://backyardhacks2020-gcp/SameHomeDifferentHacks2020/audio_spectogram_1_1_41.png, sound_36,0.442,0.0,,,0.531,1.0,,
TRAIN,gs://backyardhacks2020-gcp/SameHomeDifferentHacks2020/audio_spectogram_1_1_41.png, sound_37,0.603,0.0,,,0.648,1.0,,
TRAIN,gs://backyardhacks2020-gcp/SameHomeDifferentHacks2020/audio_spectogram_1_1_41.png, sound_38,0.707,0.0,,,0.741,1.0,,
TRAIN,gs://backyardhacks2020-gcp/SameHomeDifferentHacks2020/audio_spectogram_1_1_41.png, sound_39,0.782,0.0,,,0.844,1.0,,
TRAIN,gs://backyardhacks2020-gcp/SameHomeDifferentHacks2020/audio_spectogram_1_1_41.png, sound_40,0.892,0.0,,,0.922,1.0,,
TRAIN,gs://backyardhacks2020-gcp/SameHomeDifferentHacks2020/audio_spectogram_1_1_41.png, sound_41,0.961,0.0,,,0.979,1.0,,
TRAIN,gs://backyardhacks2020-gcp/SameHomeDifferentHacks2020/audio_spectogram_1_1_42.png, sound_34,0.091,0.0,,,0.153,1.0,,
TRAIN,gs://backyardhacks2020-gcp/SameHomeDifferentHacks2020/audio_spectogram_1_1_42.png, sound_35,0.226,0.0,,,0.242,1.0,,
TRAIN,gs://backyardhacks2020-gcp/SameHomeDifferentHacks2020/audio_spectogram_1_1_42.png, sound_36,0.308,0.0,,,0.397,1.0,,
TRAIN,gs://backyardhacks2020-gcp/SameHomeDifferentHacks2020/audio_spectogram_1_1_42.png, sound_37,0.471,0.0,,,0.513,1.0,,
TRAIN,gs://backyardhacks2020-gcp/SameHomeDifferentHacks2020/audio_spectogram_1_1_42.png, sound_38,0.573,0.0,,,0.607,1.0,,
TRAIN,gs://backyardhacks2020-gcp/SameHomeDifferentHacks2020/audio_spectogram_1_1_42.png, sound_39,0.649,0.0,,,0.711,1.0,,
TRAIN,gs://backyardhacks2020-gcp/SameHomeDifferentHacks2020/audio_spectogram_1_1_42.png, sound_40,0.758,0.0,,,0.786,1.0,,
TRAIN,gs://backyardhacks2020-gcp/SameHomeDifferentHacks2020/audio_spectogram_1_1_42.png, sound_41,0.825,0.0,,,0.844,1.0,,
TRAIN,gs://backyardhacks2020-gcp/SameHomeDifferentHacks2020/audio_spectogram_1_1_42.png, sound_42,0.90,0.0,,,0.975,1.0,,
TEST,gs://backyardhacks2020-gcp/SameHomeDifferentHacks2020/audio_spectogram_1_1_43.png, sound_35,0.092,0.0,,,0.107,1.0,,
TEST,gs://backyardhacks2020-gcp/SameHomeDifferentHacks2020/audio_spectogram_1_1_43.png, sound_36,0.175,0.0,,,0.263,1.0,,
TEST,gs://backyardhacks2020-gcp/SameHomeDifferentHacks2020/audio_spectogram_1_1_43.png, sound_37,0.337,0.0,,,0.379,1.0,,
TEST,gs://backyardhacks2020-gcp/SameHomeDifferentHacks2020/audio_spectogram_1_1_43.png, sound_38,0.439,0.0,,,0.469,1.0,,
TEST,gs://backyardhacks2020-gcp/SameHomeDifferentHacks2020/audio_spectogram_1_1_43.png, sound_39,0.514,0.0,,,0.577,1.0,,
TEST,gs://backyardhacks2020-gcp/SameHomeDifferentHacks2020/audio_spectogram_1_1_43.png, sound_40,0.623,0.0,,,0.652,1.0,,
TEST,gs://backyardhacks2020-gcp/SameHomeDifferentHacks2020/audio_spectogram_1_1_43.png, sound_41,0.692,0.0,,,0.712,1.0,,
TEST,gs://backyardhacks2020-gcp/SameHomeDifferentHacks2020/audio_spectogram_1_1_43.png, sound_42,0.767,0.0,,,0.841,1.0,,
TEST,gs://backyardhacks2020-gcp/SameHomeDifferentHacks2020/audio_spectogram_1_1_43.png, sound_43,0.901,0.0,,,0.979,1.0,,
VALIDATION,gs://backyardhacks2020-gcp/SameHomeDifferentHacks2020/audio_spectogram_1_1_44.png, sound_36,0.034,0.0,,,0.124,1.0,,
VALIDATION,gs://backyardhacks2020-gcp/SameHomeDifferentHacks2020/audio_spectogram_1_1_44.png, sound_37,0.197,0.0,,,0.237,1.0,,
VALIDATION,gs://backyardhacks2020-gcp/SameHomeDifferentHacks2020/audio_spectogram_1_1_44.png, sound_38,0.299,0.0,,,0.33,1.0,,
VALIDATION,gs://backyardhacks2020-gcp/SameHomeDifferentHacks2020/audio_spectogram_1_1_44.png, sound_39,0.374,0.0,,,0.436,1.0,,
VALIDATION,gs://backyardhacks2020-gcp/SameHomeDifferentHacks2020/audio_spectogram_1_1_44.png, sound_40,0.483,0.0,,,0.513,1.0,,
VALIDATION,gs://backyardhacks2020-gcp/SameHomeDifferentHacks2020/audio_spectogram_1_1_44.png, sound_41,0.553,0.0,,,0.57,1.0,,
VALIDATION,gs://backyardhacks2020-gcp/SameHomeDifferentHacks2020/audio_spectogram_1_1_44.png, sound_42,0.626,0.0,,,0.701,1.0,,
VALIDATION,gs://backyardhacks2020-gcp/SameHomeDifferentHacks2020/audio_spectogram_1_1_44.png, sound_43,0.76,0.0,,,0.839,1.0,,
TRAIN,gs://backyardhacks2020-gcp/SameHomeDifferentHacks2020/audio_spectogram_1_1_45.png, sound_37,0.04,0.0,,,0.084,1.0,,
TRAIN,gs://backyardhacks2020-gcp/SameHomeDifferentHacks2020/audio_spectogram_1_1_45.png, sound_38,0.141,0.0,,,0.172,1.0,,
TRAIN,gs://backyardhacks2020-gcp/SameHomeDifferentHacks2020/audio_spectogram_1_1_45.png, sound_39,0.217,0.0,,,0.279,1.0,,
TRAIN,gs://backyardhacks2020-gcp/SameHomeDifferentHacks2020/audio_spectogram_1_1_45.png, sound_40,0.326,0.0,,,0.355,1.0,,
TRAIN,gs://backyardhacks2020-gcp/SameHomeDifferentHacks2020/audio_spectogram_1_1_45.png, sound_41,0.394,0.0,,,0.413,1.0,,
TRAIN,gs://backyardhacks2020-gcp/SameHomeDifferentHacks2020/audio_spectogram_1_1_45.png, sound_42,0.47,0.0,,,0.543,1.0,,
TRAIN,gs://backyardhacks2020-gcp/SameHomeDifferentHacks2020/audio_spectogram_1_1_45.png, sound_43,0.604,0.0,,,0.681,1.0,,
TRAIN,gs://backyardhacks2020-gcp/SameHomeDifferentHacks2020/audio_spectogram_1_1_46.png, sound_38,0.017,0.0,,,0.051,1.0,,
TRAIN,gs://backyardhacks2020-gcp/SameHomeDifferentHacks2020/audio_spectogram_1_1_46.png, sound_39,0.092,0.0,,,0.154,1.0,,
TRAIN,gs://backyardhacks2020-gcp/SameHomeDifferentHacks2020/audio_spectogram_1_1_46.png, sound_40,0.202,0.0,,,0.23,1.0,,
TRAIN,gs://backyardhacks2020-gcp/SameHomeDifferentHacks2020/audio_spectogram_1_1_46.png, sound_41,0.27,0.0,,,0.288,1.0,,
TRAIN,gs://backyardhacks2020-gcp/SameHomeDifferentHacks2020/audio_spectogram_1_1_46.png, sound_42,0.345,0.0,,,0.419,1.0,,
TRAIN,gs://backyardhacks2020-gcp/SameHomeDifferentHacks2020/audio_spectogram_1_1_46.png, sound_43,0.479,0.0,,,0.556,1.0,,
TRAIN,gs://backyardhacks2020-gcp/SameHomeDifferentHacks2020/audio_spectogram_1_1_47.png, sound_39,0.028,0.0,,,0.09,1.0,,
TRAIN,gs://backyardhacks2020-gcp/SameHomeDifferentHacks2020/audio_spectogram_1_1_47.png, sound_40,0.137,0.0,,,0.167,1.0,,
TRAIN,gs://backyardhacks2020-gcp/SameHomeDifferentHacks2020/audio_spectogram_1_1_47.png, sound_41,0.205,0.0,,,0.224,1.0,,
TRAIN,gs://backyardhacks2020-gcp/SameHomeDifferentHacks2020/audio_spectogram_1_1_47.png, sound_42,0.28,0.0,,,0.356,1.0,,
TRAIN,gs://backyardhacks2020-gcp/SameHomeDifferentHacks2020/audio_spectogram_1_1_47.png, sound_43,0.414,0.0,,,0.491,1.0,,
TRAIN,gs://backyardhacks2020-gcp/SameHomeDifferentHacks2020/audio_spectogram_1_1_48.png, sound_40,0.028,0.0,,,0.057,1.0,,
TRAIN,gs://backyardhacks2020-gcp/SameHomeDifferentHacks2020/audio_spectogram_1_1_48.png, sound_41,0.096,0.0,,,0.115,1.0,,
TRAIN,gs://backyardhacks2020-gcp/SameHomeDifferentHacks2020/audio_spectogram_1_1_48.png, sound_42,0.17,0.0,,,0.246,1.0,,
TRAIN,gs://backyardhacks2020-gcp/SameHomeDifferentHacks2020/audio_spectogram_1_1_48.png, sound_43,0.306,0.0,,,0.382,1.0,,
TRAIN,gs://backyardhacks2020-gcp/SameHomeDifferentHacks2020/audio_spectogram_1_1_49.png, sound_41,0.025,0.0,,,0.044,1.0,,
TRAIN,gs://backyardhacks2020-gcp/SameHomeDifferentHacks2020/audio_spectogram_1_1_49.png, sound_42,0.10,0.0,,,0.175,1.0,,
TRAIN,gs://backyardhacks2020-gcp/SameHomeDifferentHacks2020/audio_spectogram_1_1_49.png, sound_43,0.235,0.0,,,0.312,1.0,,
TRAIN,gs://backyardhacks2020-gcp/SameHomeDifferentHacks2020/audio_spectogram_1_1_50.png, sound_42,0.031,0.0,,,0.107,1.0,,
TRAIN,gs://backyardhacks2020-gcp/SameHomeDifferentHacks2020/audio_spectogram_1_1_50.png, sound_43,0.167,0.0,,,0.242,1.0,,
TRAIN,gs://backyardhacks2020-gcp/SameHomeDifferentHacks2020/audio_spectogram_1_1_51.png, sound_43,0.039,0.0,,,0.116,1.0,,
TRAIN,gs://backyardhacks2020-gcp/SameHomeDifferentHacks2020/audio_spectogram_1_2_3.png, sound_01,0.661,0.0,,,0.765,1.0,,
TRAIN,gs://backyardhacks2020-gcp/SameHomeDifferentHacks2020/audio_spectogram_1_2_3.png, sound_02,0.825,0.0,,,0.849,1.0,,
TRAIN,gs://backyardhacks2020-gcp/SameHomeDifferentHacks2020/audio_spectogram_1_2_3.png, sound_03,0.911,0.0,,,0.977,1.0,,
TRAIN,gs://backyardhacks2020-gcp/SameHomeDifferentHacks2020/audio_spectogram_1_2_4.png, sound_01,0.559,0.0,,,0.664,1.0,,
TRAIN,gs://backyardhacks2020-gcp/SameHomeDifferentHacks2020/audio_spectogram_1_2_4.png, sound_02,0.723,0.0,,,0.747,1.0,,
TRAIN,gs://backyardhacks2020-gcp/SameHomeDifferentHacks2020/audio_spectogram_1_2_4.png, sound_03,0.807,0.0,,,0.874,1.0,,
TRAIN,gs://backyardhacks2020-gcp/SameHomeDifferentHacks2020/audio_spectogram_1_2_4.png, sound_04,0.936,0.0,,,0.968,1.0,,
TRAIN,gs://backyardhacks2020-gcp/SameHomeDifferentHacks2020/audio_spectogram_1_2_5.png, sound_01,0.392,0.0,,,0.494,1.0,,
TRAIN,gs://backyardhacks2020-gcp/SameHomeDifferentHacks2020/audio_spectogram_1_2_5.png, sound_02,0.555,0.0,,,0.58,1.0,,
TRAIN,gs://backyardhacks2020-gcp/SameHomeDifferentHacks2020/audio_spectogram_1_2_5.png, sound_03,0.64,0.0,,,0.707,1.0,,
TRAIN,gs://backyardhacks2020-gcp/SameHomeDifferentHacks2020/audio_spectogram_1_2_5.png, sound_04,0.769,0.0,,,0.80,1.0,,
TRAIN,gs://backyardhacks2020-gcp/SameHomeDifferentHacks2020/audio_spectogram_1_2_5.png, sound_05,0.852,0.0,,,0.974,1.0,,
TRAIN,gs://backyardhacks2020-gcp/SameHomeDifferentHacks2020/audio_spectogram_1_2_8.png, sound_01,0.003,0.0,,,0.107,1.0,,
TRAIN,gs://backyardhacks2020-gcp/SameHomeDifferentHacks2020/audio_spectogram_1_2_8.png, sound_02,0.168,0.0,,,0.192,1.0,,
TRAIN,gs://backyardhacks2020-gcp/SameHomeDifferentHacks2020/audio_spectogram_1_2_8.png, sound_03,0.254,0.0,,,0.321,1.0,,
TRAIN,gs://backyardhacks2020-gcp/SameHomeDifferentHacks2020/audio_spectogram_1_2_8.png, sound_04,0.382,0.0,,,0.413,1.0,,
TRAIN,gs://backyardhacks2020-gcp/SameHomeDifferentHacks2020/audio_spectogram_1_2_8.png, sound_05,0.466,0.0,,,0.588,1.0,,
TRAIN,gs://backyardhacks2020-gcp/SameHomeDifferentHacks2020/audio_spectogram_1_2_8.png, sound_06,0.648,0.0,,,0.683,1.0,,
TRAIN,gs://backyardhacks2020-gcp/SameHomeDifferentHacks2020/audio_spectogram_1_2_8.png, sound_07,0.726,0.0,,,0.773,1.0,,
TRAIN,gs://backyardhacks2020-gcp/SameHomeDifferentHacks2020/audio_spectogram_1_2_8.png, sound_08,0.829,0.0,,,0.972,1.0,, 
TRAIN,gs://backyardhacks2020-gcp/SameHomeDifferentHacks2020/audio_spectogram_1_2_23.png, sound_13,0.004,0.0,,,0.037,1.0,,
TRAIN,gs://backyardhacks2020-gcp/SameHomeDifferentHacks2020/audio_spectogram_1_2_23.png, sound_14,0.085,0.0,,,0.118,1.0,,
TRAIN,gs://backyardhacks2020-gcp/SameHomeDifferentHacks2020/audio_spectogram_1_2_23.png, sound_15,0.167,0.0,,,0.201,1.0,,
TRAIN,gs://backyardhacks2020-gcp/SameHomeDifferentHacks2020/audio_spectogram_1_2_23.png, sound_16,0.258,0.0,,,0.295,1.0,,
TRAIN,gs://backyardhacks2020-gcp/SameHomeDifferentHacks2020/audio_spectogram_1_2_23.png, sound_17,0.35,0.0,,,0.431,1.0,,
TRAIN,gs://backyardhacks2020-gcp/SameHomeDifferentHacks2020/audio_spectogram_1_2_23.png, sound_18,0.50,0.0,,,0.526,1.0,,
TRAIN,gs://backyardhacks2020-gcp/SameHomeDifferentHacks2020/audio_spectogram_1_2_23.png, sound_19,0.57,0.0,,,0.583,1.0,,
TRAIN,gs://backyardhacks2020-gcp/SameHomeDifferentHacks2020/audio_spectogram_1_2_23.png, sound_20,0.636,0.0,,,0.676,1.0,,
TRAIN,gs://backyardhacks2020-gcp/SameHomeDifferentHacks2020/audio_spectogram_1_2_23.png, sound_21,0.74,0.0,,,0.783,1.0,,
TRAIN,gs://backyardhacks2020-gcp/SameHomeDifferentHacks2020/audio_spectogram_1_2_23.png, sound_22,0.826,0.0,,,0.863,1.0,,
TRAIN,gs://backyardhacks2020-gcp/SameHomeDifferentHacks2020/audio_spectogram_1_2_23.png, sound_23,0.935,0.0,,,0.978,1.0,,
TRAIN,gs://backyardhacks2020-gcp/SameHomeDifferentHacks2020/audio_spectogram_1_2_29.png, sound_20,0.002,0.0,,,0.043,1.0,,
TRAIN,gs://backyardhacks2020-gcp/SameHomeDifferentHacks2020/audio_spectogram_1_2_29.png, sound_21,0.107,0.0,,,0.151,1.0,,
TRAIN,gs://backyardhacks2020-gcp/SameHomeDifferentHacks2020/audio_spectogram_1_2_29.png, sound_22,0.194,0.0,,,0.23,1.0,,
TRAIN,gs://backyardhacks2020-gcp/SameHomeDifferentHacks2020/audio_spectogram_1_2_29.png, sound_23,0.302,0.0,,,0.345,1.0,,
TRAIN,gs://backyardhacks2020-gcp/SameHomeDifferentHacks2020/audio_spectogram_1_2_29.png, sound_24,0.402,0.0,,,0.446,1.0,,
TRAIN,gs://backyardhacks2020-gcp/SameHomeDifferentHacks2020/audio_spectogram_1_2_29.png, sound_25,0.498,0.0,,,0.552,1.0,,
TRAIN,gs://backyardhacks2020-gcp/SameHomeDifferentHacks2020/audio_spectogram_1_2_29.png, sound_26,0.603,0.0,,,0.656,1.0,,
TRAIN,gs://backyardhacks2020-gcp/SameHomeDifferentHacks2020/audio_spectogram_1_2_29.png, sound_27,0.721,0.0,,,0.76,1.0,,
TRAIN,gs://backyardhacks2020-gcp/SameHomeDifferentHacks2020/audio_spectogram_1_2_29.png, sound_28,0.816,0.0,,,0.898,1.0,,
TRAIN,gs://backyardhacks2020-gcp/SameHomeDifferentHacks2020/audio_spectogram_1_2_29.png, sound_29,0.949,0.0,,,0.976,1.0,,
TRAIN,gs://backyardhacks2020-gcp/SameHomeDifferentHacks2020/audio_spectogram_1_2_36.png, sound_28,0.056,0.0,,,0.138,1.0,,
TRAIN,gs://backyardhacks2020-gcp/SameHomeDifferentHacks2020/audio_spectogram_1_2_36.png, sound_29,0.19,0.0,,,0.218,1.0,,
TRAIN,gs://backyardhacks2020-gcp/SameHomeDifferentHacks2020/audio_spectogram_1_2_36.png, sound_30,0.269,0.0,,,0.319,1.0,,
TRAIN,gs://backyardhacks2020-gcp/SameHomeDifferentHacks2020/audio_spectogram_1_2_36.png, sound_31,0.375,0.0,,,0.459,1.0,,
TRAIN,gs://backyardhacks2020-gcp/SameHomeDifferentHacks2020/audio_spectogram_1_2_36.png, sound_32,0.511,0.0,,,0.528,1.0,,
TRAIN,gs://backyardhacks2020-gcp/SameHomeDifferentHacks2020/audio_spectogram_1_2_36.png, sound_33,0.573,0.0,,,0.62,1.0,,
TRAIN,gs://backyardhacks2020-gcp/SameHomeDifferentHacks2020/audio_spectogram_1_2_36.png, sound_34,0.679,0.0,,,0.744,1.0,,
TRAIN,gs://backyardhacks2020-gcp/SameHomeDifferentHacks2020/audio_spectogram_1_2_36.png, sound_35,0.814,0.0,,,0.83,1.0,,
TRAIN,gs://backyardhacks2020-gcp/SameHomeDifferentHacks2020/audio_spectogram_1_2_36.png, sound_36,0.897,0.0,,,0.989,1.0,, 
TRAIN,gs://backyardhacks2020-gcp/SameHomeDifferentHacks2020/audio_spectogram_1_2_43.png, sound_35,0.092,0.0,,,0.105,1.0,,
TRAIN,gs://backyardhacks2020-gcp/SameHomeDifferentHacks2020/audio_spectogram_1_2_43.png, sound_36,0.175,0.0,,,0.261,1.0,,
TRAIN,gs://backyardhacks2020-gcp/SameHomeDifferentHacks2020/audio_spectogram_1_2_43.png, sound_37,0.334,0.0,,,0.381,1.0,,
TRAIN,gs://backyardhacks2020-gcp/SameHomeDifferentHacks2020/audio_spectogram_1_2_43.png, sound_38,0.438,0.0,,,0.471,1.0,,
TRAIN,gs://backyardhacks2020-gcp/SameHomeDifferentHacks2020/audio_spectogram_1_2_43.png, sound_39,0.513,0.0,,,0.573,1.0,,
TRAIN,gs://backyardhacks2020-gcp/SameHomeDifferentHacks2020/audio_spectogram_1_2_43.png, sound_40,0.623,0.0,,,0.651,1.0,,
TRAIN,gs://backyardhacks2020-gcp/SameHomeDifferentHacks2020/audio_spectogram_1_2_43.png, sound_41,0.692,0.0,,,0.709,1.0,,
TRAIN,gs://backyardhacks2020-gcp/SameHomeDifferentHacks2020/audio_spectogram_1_2_43.png, sound_42,0.766,0.0,,,0.843,1.0,,
TRAIN,gs://backyardhacks2020-gcp/SameHomeDifferentHacks2020/audio_spectogram_1_2_43.png, sound_43,0.90,0.0,,,0.977,1.0,,